  0,  0,  0,  0,  0,  0,  0,  0,  0,  0,  0,  0,  0,  0,  0,  0,  0,  0,  0,  0,  0,  0,  0,  0,  0,  0,  0,  0,  0,  0,  0,  0,  0,  0,  0,  0,  0,  0,  0,  0,  0,  0,  0,  0,  0,  0,  0,  0,  0,  0,  0,  0,  0,  0,  0,  0,  0,  0,  0,  0,  0,  0,  0,  0,  0,  0,  0,  0,  0,  0,  0,  0,  0,  0,  0,  0,  0,  0,  0,  0,  0,  0,  0,  0,  0,  0,  0,  0,  0,  0,  0,  0,  0,  0,  0,  0,  0,  0,  0,  0,  0,  0,  0,  0,  0,  0,  0,  0,  0,  0,  0,  0,  0,  0,  0,  0,  0,  0,  0,  0,  0,  0,  0,  0,  0,  0,  0,  0,  0,  0,  0,  0,  0,  0,  0,  0,  0,  0,  0,  0,  0,  0,  0,  0,  0,  0,  0,  0,  0,  0,  0,  0,  0,  0,  0,  0,  0,  0,  0,  0,  0,  0,  0,  0,  0,  0,  0,  0,  0,  0,  0,  0,  0,  0,  0,  0,  0,  0,  0,  0,  0,  0,  0,  0,  0,  0,  0,  0,  0,  0,  0,  0,  0,  0,  0,  0,  0,  0,  0,  0,  0,  0,  0,  0,  0,  0,  0,  0,  0,  0,  0,  0,  0,  0,  0,  0,  0,  0,  0,  0,  0,  0,  0,  0,  0,  0,  0,  0,  0,  0,  0,  0,  0,  0,  0,  0,  0,  0,  0,  0,  0,  0,  0,  0,  0,  0,  0,  0,  0,  0,  0,  0,  0,  0,  0,  0
  0,  0,  0,  0,  0,  0,  0,  0,  0,  0,  0,  0,  0,  0,  0,  0,  0,  0,  0,  0,  0,  0,  0,  0,  0,  0,  0,  0,  0,  0,  0,  0,  0,  0,  0,  0,  0,  0,  0,  0,  0,  0,  0,  0,  0,  0,  0,  0,  0,  0,  0,  0,  0,  0,  0,  0,  0,  0,  0,  0,  0,  0,  0,  0,  0,  0,  0,  0,  0,  0,  0,  0,  0,  0,  0,  0,  0,  0,  0,  0,  0,  0,  0,  0,  0,  0,  0,  0,  0,  0,  0,  0,  0,  0,  0,  0,  0,  0,  0,  0,  0,  0,  0,  0,  0,  0,  0,  0,  0,  0,  0,  0,  0,  0,  0,  0,  0,  0,  0,  0,  0,  0,  0,  0,  0,  0,  0,  0,  0,  0,  0,  0,  0,  0,  0,  0,  0,  0,  0,  0,  0,  0,  0,  0,  0,  0,  0,  1,  1,  1,  1,  1,  1,  1,  1,  1,  1,  1,  2,  2,  2,  2,  2,  2,  3,  3,  3,  3,  3,  4,  4,  4,  4,  5,  5,  5,  6,  6,  7,  7,  7,  8,  8,  9,  9, 10, 10, 11, 12, 12, 13, 14, 14, 15, 16, 17, 18, 19, 20, 21, 22, 23, 24, 26, 27, 28, 30, 31, 33, 34, 36, 38, 40, 42, 44, 46, 48, 50, 53, 55, 58, 60, 63, 66, 69, 72, 76, 79, 83, 86, 90, 94, 99,103,107,112,117,122,127,133,139,144,151,157,164,170,178,185,193,200,209,217,226,235,245,255
  0,  0,  0,  0,  0,  0,  0,  0,  0,  0,  0,  0,  0,  0,  0,  0,  0,  0,  0,  0,  0,  0,  0,  0,  0,  0,  0,  0,  0,  0,  0,  0,  0,  0,  0,  0,  0,  0,  0,  0,  0,  0,  0,  0,  0,  0,  0,  0,  0,  0,  0,  0,  0,  0,  0,  0,  0,  0,  0,  0,  0,  0,  0,  0,  0,  0,  0,  0,  0,  0,  0,  0,  0,  0,  0,  0,  0,  0,  0,  0,  0,  0,  0,  0,  0,  1,  1,  1,  1,  1,  1,  1,  1,  1,  1,  1,  1,  2,  2,  2,  2,  2,  2,  2,  2,  3,  3,  3,  3,  3,  3,  3,  4,  4,  4,  4,  4,  5,  5,  5,  5,  6,  6,  6,  6,  7,  7,  7,  8,  8,  8,  9,  9,  9, 10, 10, 11, 11, 11, 12, 12, 13, 13, 14, 14, 15, 15, 16, 16, 17, 17, 18, 19, 19, 20, 21, 21, 22, 23, 24, 24, 25, 26, 27, 28, 28, 29, 30, 31, 32, 33, 34, 35, 36, 37, 38, 39, 41, 42, 43, 44, 45, 47, 48, 49, 51, 52, 54, 55, 57, 58, 60, 61, 63, 64, 66, 68, 70, 71, 73, 75, 77, 79, 81, 83, 85, 87, 89, 92, 94, 96, 98,101,103,106,108,111,113,116,119,121,124,127,130,133,136,139,142,145,148,152,155,158,162,165,169,173,176,180,184,188,192,196,200,204,208,213,217,221,226,230,235,240,245,250,255
  0,  0,  0,  0,  0,  0,  0,  0,  0,  0,  0,  0,  0,  0,  0,  0,  0,  0,  0,  0,  0,  0,  0,  0,  0,  0,  0,  0,  0,  0,  0,  0,  0,  0,  0,  0,  0,  0,  0,  0,  0,  0,  0,  0,  0,  0,  0,  0,  0,  1,  1,  1,  1,  1,  1,  1,  1,  1,  1,  1,  2,  2,  2,  2,  2,  2,  2,  2,  3,  3,  3,  3,  3,  3,  4,  4,  4,  4,  4,  5,  5,  5,  5,  6,  6,  6,  6,  7,  7,  7,  7,  8,  8,  8,  9,  9,  9, 10, 10, 10, 11, 11, 12, 12, 12, 13, 13, 14, 14, 15, 15, 15, 16, 16, 17, 17, 18, 18, 19, 20, 20, 21, 21, 22, 23, 23, 24, 24, 25, 26, 26, 27, 28, 29, 29, 30, 31, 32, 32, 33, 34, 35, 36, 37, 37, 38, 39, 40, 41, 42, 43, 44, 45, 46, 47, 48, 49, 50, 51, 52, 53, 55, 56, 57, 58, 59, 60, 62, 63, 64, 66, 67, 68, 69, 71, 72, 74, 75, 76, 78, 79, 81, 82, 84, 85, 87, 89, 90, 92, 93, 95, 97, 99,100,102,104,106,107,109,111,113,115,117,119,121,123,125,127,129,131,133,135,137,139,142,144,146,148,151,153,155,158,160,163,165,168,170,173,175,178,180,183,186,188,191,194,196,199,202,205,208,211,214,217,220,223,226,229,232,235,238,241,245,248,251,255
  0,  0,  0,  0,  0,  0,  0,  0,  0,  0,  0,  0,  0,  0,  0,  0,  0,  0,  0,  0,  0,  0,  0,  0,  0,  0,  0,  0,  1,  1,  1,  1,  1,  1,  1,  1,  1,  2,  2,  2,  2,  2,  2,  2,  3,  3,  3,  3,  3,  4,  4,  4,  4,  5,  5,  5,  5,  6,  6,  6,  6,  7,  7,  7,  8,  8,  8,  9,  9,  9, 10, 10, 10, 11, 11, 11, 12, 12, 13, 13, 14, 14, 14, 15, 15, 16, 16, 17, 17, 18, 18, 19, 19, 20, 21, 21, 22, 22, 23, 23, 24, 25, 25, 26, 27, 27, 28, 29, 29, 30, 31, 31, 32, 33, 34, 34, 35, 36, 37, 37, 38, 39, 40, 41, 42, 42, 43, 44, 45, 46, 47, 48, 49, 50, 51, 52, 52, 53, 54, 55, 56, 57, 59, 60, 61, 62, 63, 64, 65, 66, 67, 68, 69, 71, 72, 73, 74, 75, 77, 78, 79, 80, 82, 83, 84, 85, 87, 88, 89, 91, 92, 93, 95, 96, 98, 99,100,102,103,105,106,108,109,111,112,114,115,117,119,120,122,123,125,127,128,130,132,133,135,137,138,140,142,144,145,147,149,151,153,155,156,158,160,162,164,166,168,170,172,174,176,178,180,182,184,186,188,190,192,194,197,199,201,203,205,207,210,212,214,216,219,221,223,226,228,230,233,235,237,240,242,245,247,250,252,255
  0,  0,  0,  0,  0,  0,  0,  0,  0,  0,  0,  0,  0,  0,  0,  0,  1,  1,  1,  1,  1,  1,  1,  2,  2,  2,  2,  2,  3,  3,  3,  3,  4,  4,  4,  4,  5,  5,  5,  5,  6,  6,  6,  7,  7,  7,  8,  8,  9,  9,  9, 10, 10, 11, 11, 11, 12, 12, 13, 13, 14, 14, 15, 15, 16, 16, 17, 17, 18, 18, 19, 19, 20, 20, 21, 22, 22, 23, 23, 24, 25, 25, 26, 27, 27, 28, 29, 29, 30, 31, 31, 32, 33, 33, 34, 35, 36, 36, 37, 38, 39, 40, 40, 41, 42, 43, 44, 44, 45, 46, 47, 48, 49, 50, 50, 51, 52, 53, 54, 55, 56, 57, 58, 59, 60, 61, 62, 63, 64, 65, 66, 67, 68, 69, 70, 71, 72, 73, 74, 75, 76, 77, 79, 80, 81, 82, 83, 84, 85, 87, 88, 89, 90, 91, 93, 94, 95, 96, 97, 99,100,101,102,104,105,106,108,109,110,112,113,114,116,117,118,120,121,122,124,125,127,128,129,131,132,134,135,137,138,140,141,143,144,146,147,149,150,152,153,155,156,158,160,161,163,164,166,168,169,171,172,174,176,177,179,181,182,184,186,188,189,191,193,195,196,198,200,202,203,205,207,209,211,212,214,216,218,220,222,224,225,227,229,231,233,235,237,239,241,243,245,247,249,251,253,255
  0,  0,  0,  0,  0,  0,  0,  0,  0,  0,  1,  1,  1,  1,  2,  2,  2,  2,  3,  3,  3,  3,  4,  4,  4,  5,  5,  6,  6,  6,  7,  7,  8,  8,  8,  9,  9, 10, 10, 11, 11, 12, 12, 13, 13, 14, 14, 15, 15, 16, 16, 17, 18, 18, 19, 19, 20, 20, 21, 22, 22, 23, 24, 24, 25, 26, 26, 27, 28, 28, 29, 30, 30, 31, 32, 33, 33, 34, 35, 36, 36, 37, 38, 39, 40, 40, 41, 42, 43, 44, 44, 45, 46, 47, 48, 49, 50, 50, 51, 52, 53, 54, 55, 56, 57, 58, 59, 59, 60, 61, 62, 63, 64, 65, 66, 67, 68, 69, 70, 71, 72, 73, 74, 75, 76, 77, 78, 79, 80, 81, 82, 84, 85, 86, 87, 88, 89, 90, 91, 92, 93, 94, 96, 97, 98, 99,100,101,102,104,105,106,107,108,110,111,112,113,114,116,117,118,119,120,122,123,124,125,127,128,129,131,132,133,134,136,137,138,140,141,142,144,145,146,148,149,150,152,153,154,156,157,158,160,161,163,164,165,167,168,170,171,172,174,175,177,178,180,181,183,184,185,187,188,190,191,193,194,196,197,199,200,202,203,205,206,208,210,211,213,214,216,217,219,220,222,224,225,227,228,230,232,233,235,236,238,240,241,243,245,246,248,250,251,253,255
  0,  0,  0,  0,  0,  0,  1,  1,  1,  2,  2,  2,  3,  3,  4,  4,  4,  5,  5,  6,  6,  7,  7,  8,  8,  9,  9, 10, 10, 11, 11, 12, 13, 13, 14, 14, 15, 16, 16, 17, 18, 18, 19, 20, 20, 21, 22, 22, 23, 24, 24, 25, 26, 27, 27, 28, 29, 29, 30, 31, 32, 33, 33, 34, 35, 36, 36, 37, 38, 39, 40, 41, 41, 42, 43, 44, 45, 46, 46, 47, 48, 49, 50, 51, 52, 53, 53, 54, 55, 56, 57, 58, 59, 60, 61, 62, 63, 64, 65, 65, 66, 67, 68, 69, 70, 71, 72, 73, 74, 75, 76, 77, 78, 79, 80, 81, 82, 83, 84, 85, 86, 87, 88, 89, 91, 92, 93, 94, 95, 96, 97, 98, 99,100,101,102,103,104,106,107,108,109,110,111,112,113,114,116,117,118,119,120,121,122,124,125,126,127,128,129,131,132,133,134,135,136,138,139,140,141,142,144,145,146,147,148,150,151,152,153,155,156,157,158,159,161,162,163,164,166,167,168,170,171,172,173,175,176,177,178,180,181,182,184,185,186,187,189,190,191,193,194,195,197,198,199,201,202,203,205,206,207,209,210,211,213,214,215,217,218,220,221,222,224,225,226,228,229,231,232,233,235,236,238,239,240,242,243,245,246,247,249,250,252,253,255
  0,  0,  0,  0,  1,  1,  2,  2,  3,  3,  4,  5,  5,  6,  6,  7,  8,  8,  9,  9, 10, 11, 11, 12, 13, 13, 14, 15, 16, 16, 17, 18, 19, 19, 20, 21, 22, 22, 23, 24, 25, 25, 26, 27, 28, 29, 29, 30, 31, 32, 33, 34, 34, 35, 36, 37, 38, 39, 40, 40, 41, 42, 43, 44, 45, 46, 47, 47, 48, 49, 50, 51, 52, 53, 54, 55, 56, 57, 58, 58, 59, 60, 61, 62, 63, 64, 65, 66, 67, 68, 69, 70, 71, 72, 73, 74, 75, 76, 77, 78, 79, 80, 81, 82, 83, 84, 85, 86, 87, 88, 89, 90, 91, 92, 93, 94, 95, 96, 97, 98, 99,100,101,102,103,104,105,106,107,108,109,110,111,113,114,115,116,117,118,119,120,121,122,123,124,125,127,128,129,130,131,132,133,134,135,136,137,139,140,141,142,143,144,145,146,147,149,150,151,152,153,154,155,157,158,159,160,161,162,163,164,166,167,168,169,170,171,173,174,175,176,177,178,180,181,182,183,184,185,187,188,189,190,191,192,194,195,196,197,198,200,201,202,203,204,206,207,208,209,210,212,213,214,215,216,218,219,220,221,222,224,225,226,227,229,230,231,232,233,235,236,237,238,240,241,242,243,245,246,247,248,250,251,252,253,255
  0,  0,  1,  1,  2,  3,  3,  4,  5,  6,  6,  7,  8,  9, 10, 10, 11, 12, 13, 14, 15, 15, 16, 17, 18, 19, 20, 21, 21, 22, 23, 24, 25, 26, 27, 28, 28, 29, 30, 31, 32, 33, 34, 35, 36, 37, 38, 38, 39, 40, 41, 42, 43, 44, 45, 46, 47, 48, 49, 50, 51, 52, 52, 53, 54, 55, 56, 57, 58, 59, 60, 61, 62, 63, 64, 65, 66, 67, 68, 69, 70, 71, 72, 73, 74, 75, 76, 77, 78, 79, 80, 81, 82, 83, 84, 85, 86, 87, 88, 89, 90, 91, 92, 93, 94, 95, 96, 97, 98, 99,100,101,102,103,104,105,106,107,108,109,110,111,112,113,114,115,116,117,118,119,120,121,122,123,124,125,126,127,128,129,130,132,133,134,135,136,137,138,139,140,141,142,143,144,145,146,147,148,149,150,151,152,154,155,156,157,158,159,160,161,162,163,164,165,166,167,168,169,171,172,173,174,175,176,177,178,179,180,181,182,183,184,186,187,188,189,190,191,192,193,194,195,196,197,199,200,201,202,203,204,205,206,207,208,209,210,212,213,214,215,216,217,218,219,220,221,222,224,225,226,227,228,229,230,231,232,233,235,236,237,238,239,240,241,242,243,245,246,247,248,249,250,251,252,253,255
  0,  1,  2,  3,  4,  5,  6,  7,  8,  9, 10, 11, 12, 13, 14, 15, 16, 17, 18, 19, 20, 21, 22, 23, 24, 25, 26, 27, 28, 29, 30, 31, 32, 33, 34, 35, 36, 37, 38, 39, 40, 41, 42, 43, 44, 45, 46, 47, 48, 49, 50, 51, 52, 53, 54, 55, 56, 57, 58, 59, 60, 61, 62, 63, 64, 65, 66, 67, 68, 69, 70, 71, 72, 73, 74, 75, 76, 77, 78, 79, 80, 81, 82, 83, 84, 85, 86, 87, 88, 89, 90, 91, 92, 93, 94, 95, 96, 97, 98, 99,100,101,102,103,104,105,106,107,108,109,110,111,112,113,114,115,116,117,118,119,120,121,122,123,124,125,126,127,128,129,130,131,132,133,134,135,136,137,138,139,140,141,142,143,144,145,146,147,148,149,150,151,152,153,154,155,156,157,158,159,160,161,162,163,164,165,166,167,168,169,170,171,172,173,174,175,176,177,178,179,180,181,182,183,184,185,186,187,188,189,190,191,192,193,194,195,196,197,198,199,200,201,202,203,204,205,206,207,208,209,210,211,212,213,214,215,216,217,218,219,220,221,222,223,224,225,226,227,228,229,230,231,232,233,234,235,236,237,238,239,240,241,242,243,244,245,246,247,248,249,250,251,252,253,254,255
  0,  1,  3,  4,  5,  7,  8,  9, 10, 12, 13, 14, 15, 17, 18, 19, 20, 21, 22, 24, 25, 26, 27, 28, 29, 30, 31, 33, 34, 35, 36, 37, 38, 39, 40, 41, 43, 44, 45, 46, 47, 48, 49, 50, 51, 52, 53, 54, 55, 56, 57, 59, 60, 61, 62, 63, 64, 65, 66, 67, 68, 69, 70, 71, 72, 73, 74, 75, 76, 77, 78, 79, 80, 81, 82, 83, 84, 85, 86, 87, 88, 89, 90, 91, 92, 93, 94, 95, 96, 97, 98, 99,100,101,102,103,104,105,106,107,108,109,110,111,112,113,114,115,116,117,118,119,120,121,122,123,124,125,126,127,128,129,130,131,132,133,134,135,136,137,138,139,140,141,142,143,143,144,145,146,147,148,149,150,151,152,153,154,155,156,157,158,159,160,161,162,163,164,165,165,166,167,168,169,170,171,172,173,174,175,176,177,178,179,180,181,182,182,183,184,185,186,187,188,189,190,191,192,193,194,195,196,197,197,198,199,200,201,202,203,204,205,206,207,208,209,210,210,211,212,213,214,215,216,217,218,219,220,221,222,222,223,224,225,226,227,228,229,230,231,232,233,234,234,235,236,237,238,239,240,241,242,243,244,244,245,246,247,248,249,250,251,252,253,254,255
  0,  2,  4,  6,  7,  9, 11, 12, 14, 15, 17, 18, 19, 21, 22, 24, 25, 26, 27, 29, 30, 31, 33, 34, 35, 36, 38, 39, 40, 41, 42, 44, 45, 46, 47, 48, 49, 51, 52, 53, 54, 55, 56, 57, 58, 60, 61, 62, 63, 64, 65, 66, 67, 68, 69, 71, 72, 73, 74, 75, 76, 77, 78, 79, 80, 81, 82, 83, 84, 85, 86, 87, 88, 89, 90, 91, 92, 94, 95, 96, 97, 98, 99,100,101,102,103,104,105,106,107,108,109,110,111,111,112,113,114,115,116,117,118,119,120,121,122,123,124,125,126,127,128,129,130,131,132,133,134,135,136,137,137,138,139,140,141,142,143,144,145,146,147,148,149,150,151,151,152,153,154,155,156,157,158,159,160,161,162,162,163,164,165,166,167,168,169,170,171,172,172,173,174,175,176,177,178,179,180,180,181,182,183,184,185,186,187,188,188,189,190,191,192,193,194,195,196,196,197,198,199,200,201,202,203,203,204,205,206,207,208,209,209,210,211,212,213,214,215,216,216,217,218,219,220,221,222,222,223,224,225,226,227,228,228,229,230,231,232,233,233,234,235,236,237,238,239,239,240,241,242,243,244,244,245,246,247,248,249,249,250,251,252,253,254,255
  0,  3,  6,  8, 10, 12, 14, 16, 17, 19, 21, 22, 24, 25, 27, 28, 30, 31, 33, 34, 35, 37, 38, 40, 41, 42, 44, 45, 46, 47, 49, 50, 51, 52, 54, 55, 56, 57, 58, 60, 61, 62, 63, 64, 66, 67, 68, 69, 70, 71, 72, 73, 75, 76, 77, 78, 79, 80, 81, 82, 83, 84, 85, 86, 88, 89, 90, 91, 92, 93, 94, 95, 96, 97, 98, 99,100,101,102,103,104,105,106,107,108,109,110,111,112,113,114,115,116,117,118,119,120,121,122,123,124,125,126,126,127,128,129,130,131,132,133,134,135,136,137,138,139,140,140,141,142,143,144,145,146,147,148,149,150,150,151,152,153,154,155,156,157,158,159,159,160,161,162,163,164,165,166,166,167,168,169,170,171,172,173,173,174,175,176,177,178,179,179,180,181,182,183,184,184,185,186,187,188,189,190,190,191,192,193,194,195,195,196,197,198,199,200,200,201,202,203,204,204,205,206,207,208,209,209,210,211,212,213,213,214,215,216,217,218,218,219,220,221,222,222,223,224,225,226,226,227,228,229,230,230,231,232,233,233,234,235,236,237,237,238,239,240,241,241,242,243,244,244,245,246,247,248,248,249,250,251,251,252,253,254,255
  0,  4,  7, 10, 13, 15, 17, 19, 21, 23, 25, 27, 28, 30, 32, 33, 35, 36, 38, 39, 41, 42, 44, 45, 47, 48, 49, 51, 52, 53, 55, 56, 57, 59, 60, 61, 62, 64, 65, 66, 67, 69, 70, 71, 72, 73, 75, 76, 77, 78, 79, 80, 81, 83, 84, 85, 86, 87, 88, 89, 90, 91, 92, 93, 94, 96, 97, 98, 99,100,101,102,103,104,105,106,107,108,109,110,111,112,113,114,115,116,117,118,119,120,121,122,123,124,125,125,126,127,128,129,130,131,132,133,134,135,136,137,138,138,139,140,141,142,143,144,145,146,147,147,148,149,150,151,152,153,154,154,155,156,157,158,159,160,161,161,162,163,164,165,166,167,167,168,169,170,171,172,172,173,174,175,176,177,177,178,179,180,181,181,182,183,184,185,186,186,187,188,189,190,190,191,192,193,194,194,195,196,197,198,198,199,200,201,201,202,203,204,205,205,206,207,208,208,209,210,211,212,212,213,214,215,215,216,217,218,218,219,220,221,221,222,223,224,224,225,226,227,227,228,229,230,230,231,232,233,233,234,235,236,236,237,238,239,239,240,241,242,242,243,244,244,245,246,247,247,248,249,249,250,251,252,252,253,254,255
  0,  6, 10, 13, 15, 18, 20, 23, 25, 27, 29, 31, 33, 35, 36, 38, 40, 41, 43, 45, 46, 48, 49, 51, 52, 54, 55, 57, 58, 59, 61, 62, 63, 65, 66, 67, 69, 70, 71, 72, 74, 75, 76, 77, 79, 80, 81, 82, 83, 84, 86, 87, 88, 89, 90, 91, 92, 93, 95, 96, 97, 98, 99,100,101,102,103,104,105,106,107,108,109,110,111,112,113,114,115,116,117,118,119,120,121,122,123,124,125,126,127,128,129,130,131,132,132,133,134,135,136,137,138,139,140,141,142,142,143,144,145,146,147,148,149,149,150,151,152,153,154,155,155,156,157,158,159,160,161,161,162,163,164,165,166,166,167,168,169,170,170,171,172,173,174,175,175,176,177,178,179,179,180,181,182,182,183,184,185,186,186,187,188,189,189,190,191,192,193,193,194,195,196,196,197,198,199,199,200,201,202,202,203,204,205,205,206,207,208,208,209,210,211,211,212,213,213,214,215,216,216,217,218,219,219,220,221,221,222,223,224,224,225,226,226,227,228,228,229,230,231,231,232,233,233,234,235,235,236,237,238,238,239,240,240,241,242,242,243,244,244,245,246,246,247,248,248,249,250,250,251,252,252,253,254,255
  0,  7, 12, 15, 18, 21, 24, 26, 29, 31, 33, 35, 37, 39, 41, 43, 45, 46, 48, 50, 51, 53, 55, 56, 58, 59, 61, 62, 64, 65, 66, 68, 69, 71, 72, 73, 75, 76, 77, 78, 80, 81, 82, 83, 85, 86, 87, 88, 89, 90, 92, 93, 94, 95, 96, 97, 98, 99,101,102,103,104,105,106,107,108,109,110,111,112,113,114,115,116,117,118,119,120,121,122,123,124,125,126,127,128,129,130,131,132,133,133,134,135,136,137,138,139,140,141,142,142,143,144,145,146,147,148,149,149,150,151,152,153,154,155,155,156,157,158,159,160,160,161,162,163,164,164,165,166,167,168,168,169,170,171,172,172,173,174,175,176,176,177,178,179,179,180,181,182,183,183,184,185,186,186,187,188,189,189,190,191,192,192,193,194,194,195,196,197,197,198,199,200,200,201,202,202,203,204,205,205,206,207,207,208,209,210,210,211,212,212,213,214,214,215,216,217,217,218,219,219,220,221,221,222,223,223,224,225,225,226,227,227,228,229,229,230,231,231,232,233,233,234,235,235,236,237,237,238,239,239,240,241,241,242,242,243,244,244,245,246,246,247,248,248,249,249,250,251,251,252,253,253,254,255
  0,  9, 14, 18, 22, 25, 28, 30, 33, 35, 37, 40, 42, 44, 46, 48, 50, 51, 53, 55, 57, 58, 60, 61, 63, 65, 66, 68, 69, 70, 72, 73, 75, 76, 77, 79, 80, 81, 83, 84, 85, 87, 88, 89, 90, 91, 93, 94, 95, 96, 97, 98,100,101,102,103,104,105,106,107,108,109,110,112,113,114,115,116,117,118,119,120,121,122,123,124,125,126,127,127,128,129,130,131,132,133,134,135,136,137,138,139,139,140,141,142,143,144,145,146,147,147,148,149,150,151,152,152,153,154,155,156,157,157,158,159,160,161,162,162,163,164,165,166,166,167,168,169,170,170,171,172,173,173,174,175,176,176,177,178,179,179,180,181,182,182,183,184,185,185,186,187,188,188,189,190,190,191,192,193,193,194,195,195,196,197,198,198,199,200,200,201,202,202,203,204,205,205,206,207,207,208,209,209,210,211,211,212,213,213,214,215,215,216,217,217,218,219,219,220,221,221,222,222,223,224,224,225,226,226,227,228,228,229,230,230,231,231,232,233,233,234,235,235,236,236,237,238,238,239,239,240,241,241,242,243,243,244,244,245,246,246,247,247,248,249,249,250,250,251,252,252,253,253,254,255
  0, 11, 17, 21, 25, 28, 31, 34, 37, 39, 42, 44, 46, 48, 50, 52, 54, 56, 58, 60, 61, 63, 65, 67, 68, 70, 71, 73, 74, 76, 77, 79, 80, 81, 83, 84, 85, 87, 88, 89, 91, 92, 93, 94, 96, 97, 98, 99,100,101,103,104,105,106,107,108,109,110,112,113,114,115,116,117,118,119,120,121,122,123,124,125,126,127,128,129,130,131,132,132,133,134,135,136,137,138,139,140,141,142,142,143,144,145,146,147,148,149,149,150,151,152,153,154,154,155,156,157,158,159,159,160,161,162,163,163,164,165,166,166,167,168,169,170,170,171,172,173,173,174,175,176,176,177,178,179,179,180,181,182,182,183,184,184,185,186,187,187,188,189,189,190,191,191,192,193,194,194,195,196,196,197,198,198,199,200,200,201,202,202,203,204,204,205,206,206,207,208,208,209,210,210,211,212,212,213,214,214,215,215,216,217,217,218,219,219,220,220,221,222,222,223,224,224,225,225,226,227,227,228,228,229,230,230,231,231,232,233,233,234,234,235,236,236,237,237,238,239,239,240,240,241,241,242,243,243,244,244,245,245,246,247,247,248,248,249,249,250,251,251,252,252,253,253,254,255
  0, 13, 19, 24, 28, 32, 35, 38, 41, 43, 46, 48, 51, 53, 55, 57, 59, 61, 63, 65, 66, 68, 70, 71, 73, 75, 76, 78, 79, 81, 82, 84, 85, 86, 88, 89, 91, 92, 93, 94, 96, 97, 98, 99,101,102,103,104,105,107,108,109,110,111,112,113,114,115,116,118,119,120,121,122,123,124,125,126,127,128,129,130,131,132,132,133,134,135,136,137,138,139,140,141,142,143,143,144,145,146,147,148,149,149,150,151,152,153,154,154,155,156,157,158,159,159,160,161,162,163,163,164,165,166,166,167,168,169,169,170,171,172,172,173,174,175,175,176,177,178,178,179,180,181,181,182,183,183,184,185,185,186,187,188,188,189,190,190,191,192,192,193,194,194,195,196,196,197,198,198,199,200,200,201,202,202,203,204,204,205,205,206,207,207,208,209,209,210,211,211,212,212,213,214,214,215,215,216,217,217,218,219,219,220,220,221,222,222,223,223,224,224,225,226,226,227,227,228,229,229,230,230,231,231,232,233,233,234,234,235,235,236,237,237,238,238,239,239,240,240,241,242,242,243,243,244,244,245,245,246,246,247,248,248,249,249,250,250,251,251,252,252,253,253,254,255
  0, 15, 22, 27, 31, 35, 39, 42, 45, 47, 50, 52, 55, 57, 59, 61, 63, 65, 67, 69, 71, 73, 74, 76, 78, 79, 81, 82, 84, 85, 87, 88, 90, 91, 93, 94, 95, 97, 98, 99,100,102,103,104,105,107,108,109,110,111,112,114,115,116,117,118,119,120,121,122,123,124,125,126,127,128,129,130,131,132,133,134,135,136,137,138,139,140,141,141,142,143,144,145,146,147,148,148,149,150,151,152,153,153,154,155,156,157,158,158,159,160,161,162,162,163,164,165,165,166,167,168,168,169,170,171,171,172,173,174,174,175,176,177,177,178,179,179,180,181,182,182,183,184,184,185,186,186,187,188,188,189,190,190,191,192,192,193,194,194,195,196,196,197,198,198,199,200,200,201,201,202,203,203,204,205,205,206,206,207,208,208,209,210,210,211,211,212,213,213,214,214,215,216,216,217,217,218,218,219,220,220,221,221,222,222,223,224,224,225,225,226,226,227,228,228,229,229,230,230,231,231,232,233,233,234,234,235,235,236,236,237,237,238,238,239,240,240,241,241,242,242,243,243,244,244,245,245,246,246,247,247,248,248,249,249,250,250,251,251,252,252,253,253,254,255
  0, 18, 25, 30, 35, 39, 42, 46, 49, 51, 54, 57, 59, 61, 64, 66, 68, 70, 72, 74, 75, 77, 79, 81, 82, 84, 85, 87, 89, 90, 92, 93, 94, 96, 97, 99,100,101,103,104,105,106,108,109,110,111,112,113,115,116,117,118,119,120,121,122,123,124,125,127,128,129,130,131,132,133,133,134,135,136,137,138,139,140,141,142,143,144,145,145,146,147,148,149,150,151,151,152,153,154,155,156,156,157,158,159,160,160,161,162,163,164,164,165,166,167,167,168,169,170,170,171,172,173,173,174,175,175,176,177,178,178,179,180,180,181,182,182,183,184,185,185,186,187,187,188,189,189,190,191,191,192,192,193,194,194,195,196,196,197,198,198,199,199,200,201,201,202,203,203,204,204,205,206,206,207,207,208,209,209,210,210,211,211,212,213,213,214,214,215,216,216,217,217,218,218,219,219,220,221,221,222,222,223,223,224,224,225,226,226,227,227,228,228,229,229,230,230,231,231,232,233,233,234,234,235,235,236,236,237,237,238,238,239,239,240,240,241,241,242,242,243,243,244,244,245,245,246,246,247,247,248,248,249,249,250,250,251,251,252,252,253,253,254,254,255
  0, 20, 28, 33, 38, 42, 46, 49, 52, 55, 58, 61, 63, 65, 68, 70, 72, 74, 76, 78, 80, 81, 83, 85, 87, 88, 90, 91, 93, 94, 96, 97, 99,100,102,103,104,106,107,108,109,111,112,113,114,115,117,118,119,120,121,122,123,124,125,126,128,129,130,131,132,133,134,135,136,136,137,138,139,140,141,142,143,144,145,146,147,147,148,149,150,151,152,153,153,154,155,156,157,158,158,159,160,161,162,162,163,164,165,165,166,167,168,168,169,170,171,171,172,173,174,174,175,176,176,177,178,178,179,180,181,181,182,183,183,184,185,185,186,187,187,188,189,189,190,190,191,192,192,193,194,194,195,196,196,197,197,198,199,199,200,200,201,202,202,203,203,204,205,205,206,206,207,208,208,209,209,210,210,211,212,212,213,213,214,214,215,216,216,217,217,218,218,219,219,220,220,221,222,222,223,223,224,224,225,225,226,226,227,227,228,228,229,229,230,230,231,231,232,232,233,233,234,234,235,235,236,236,237,237,238,238,239,239,240,240,241,241,242,242,243,243,244,244,245,245,246,246,247,247,248,248,249,249,249,250,250,251,251,252,252,253,253,254,254,255
  0, 22, 30, 36, 41, 46, 49, 53, 56, 59, 62, 65, 67, 69, 72, 74, 76, 78, 80, 82, 84, 86, 87, 89, 91, 92, 94, 96, 97, 99,100,102,103,104,106,107,108,110,111,112,113,115,116,117,118,119,121,122,123,124,125,126,127,128,129,130,131,132,133,134,135,136,137,138,139,140,141,142,143,144,145,146,147,148,148,149,150,151,152,153,154,154,155,156,157,158,158,159,160,161,162,162,163,164,165,165,166,167,168,168,169,170,171,171,172,173,174,174,175,176,176,177,178,179,179,180,181,181,182,183,183,184,185,185,186,187,187,188,188,189,190,190,191,192,192,193,194,194,195,195,196,197,197,198,198,199,200,200,201,201,202,203,203,204,204,205,205,206,207,207,208,208,209,209,210,211,211,212,212,213,213,214,214,215,215,216,217,217,218,218,219,219,220,220,221,221,222,222,223,223,224,224,225,225,226,226,227,227,228,228,229,229,230,230,231,231,232,232,233,233,234,234,235,235,236,236,237,237,238,238,239,239,240,240,241,241,241,242,242,243,243,244,244,245,245,246,246,247,247,247,248,248,249,249,250,250,251,251,251,252,252,253,253,254,254,255
  0, 25, 33, 40, 45, 49, 53, 57, 60, 63, 66, 68, 71, 73, 76, 78, 80, 82, 84, 86, 88, 90, 91, 93, 95, 96, 98,100,101,103,104,105,107,108,110,111,112,114,115,116,117,119,120,121,122,123,124,126,127,128,129,130,131,132,133,134,135,136,137,138,139,140,141,142,143,144,145,146,147,147,148,149,150,151,152,153,153,154,155,156,157,158,158,159,160,161,162,162,163,164,165,165,166,167,168,168,169,170,171,171,172,173,174,174,175,176,176,177,178,178,179,180,180,181,182,182,183,184,184,185,186,186,187,188,188,189,190,190,191,191,192,193,193,194,195,195,196,196,197,198,198,199,199,200,200,201,202,202,203,203,204,204,205,206,206,207,207,208,208,209,209,210,211,211,212,212,213,213,214,214,215,215,216,216,217,217,218,219,219,220,220,221,221,222,222,223,223,224,224,225,225,226,226,227,227,228,228,229,229,229,230,230,231,231,232,232,233,233,234,234,235,235,236,236,237,237,237,238,238,239,239,240,240,241,241,242,242,242,243,243,244,244,245,245,246,246,246,247,247,248,248,249,249,249,250,250,251,251,252,252,252,253,253,254,254,255
  0, 27, 36, 43, 48, 52, 56, 60, 63, 66, 69, 72, 75, 77, 79, 82, 84, 86, 88, 90, 92, 93, 95, 97, 99,100,102,103,105,106,108,109,111,112,113,115,116,117,119,120,121,122,123,125,126,127,128,129,130,131,132,133,134,136,137,138,139,140,141,141,142,143,144,145,146,147,148,149,150,151,152,152,153,154,155,156,157,157,158,159,160,161,161,162,163,164,165,165,166,167,168,168,169,170,171,171,172,173,173,174,175,176,176,177,178,178,179,180,180,181,182,182,183,184,184,185,186,186,187,187,188,189,189,190,191,191,192,192,193,194,194,195,195,196,197,197,198,198,199,200,200,201,201,202,202,203,204,204,205,205,206,206,207,207,208,208,209,210,210,211,211,212,212,213,213,214,214,215,215,216,216,217,217,218,218,219,219,220,220,221,221,222,222,223,223,224,224,225,225,226,226,227,227,228,228,229,229,229,230,230,231,231,232,232,233,233,234,234,235,235,235,236,236,237,237,238,238,239,239,239,240,240,241,241,242,242,242,243,243,244,244,245,245,245,246,246,247,247,248,248,248,249,249,250,250,250,251,251,252,252,252,253,253,254,254,255
  0, 30, 39, 46, 51, 56, 60, 63, 67, 70, 73, 76, 78, 81, 83, 85, 87, 89, 91, 93, 95, 97, 99,101,102,104,105,107,109,110,111,113,114,116,117,118,120,121,122,123,125,126,127,128,129,130,131,133,134,135,136,137,138,139,140,141,142,143,144,145,146,147,148,148,149,150,151,152,153,154,155,155,156,157,158,159,160,160,161,162,163,164,164,165,166,167,167,168,169,170,170,171,172,173,173,174,175,175,176,177,177,178,179,179,180,181,181,182,183,183,184,185,185,186,187,187,188,188,189,190,190,191,192,192,193,193,194,195,195,196,196,197,197,198,199,199,200,200,201,201,202,203,203,204,204,205,205,206,206,207,207,208,208,209,210,210,211,211,212,212,213,213,214,214,215,215,216,216,217,217,218,218,219,219,220,220,221,221,222,222,223,223,223,224,224,225,225,226,226,227,227,228,228,229,229,230,230,230,231,231,232,232,233,233,234,234,234,235,235,236,236,237,237,237,238,238,239,239,240,240,240,241,241,242,242,243,243,243,244,244,245,245,245,246,246,247,247,247,248,248,249,249,249,250,250,251,251,251,252,252,253,253,253,254,254,255
  0, 32, 42, 49, 54, 59, 63, 67, 70, 73, 76, 79, 82, 84, 87, 89, 91, 93, 95, 97, 99,101,102,104,106,107,109,111,112,113,115,116,118,119,120,122,123,124,125,127,128,129,130,131,133,134,135,136,137,138,139,140,141,142,143,144,145,146,147,148,149,150,151,151,152,153,154,155,156,157,157,158,159,160,161,162,162,163,164,165,165,166,167,168,169,169,170,171,171,172,173,174,174,175,176,176,177,178,178,179,180,180,181,182,182,183,184,184,185,186,186,187,188,188,189,189,190,191,191,192,192,193,194,194,195,195,196,196,197,198,198,199,199,200,200,201,202,202,203,203,204,204,205,205,206,206,207,207,208,208,209,210,210,211,211,212,212,213,213,214,214,215,215,216,216,217,217,218,218,218,219,219,220,220,221,221,222,222,223,223,224,224,225,225,225,226,226,227,227,228,228,229,229,230,230,230,231,231,232,232,233,233,233,234,234,235,235,236,236,236,237,237,238,238,238,239,239,240,240,241,241,241,242,242,243,243,243,244,244,245,245,245,246,246,247,247,247,248,248,248,249,249,250,250,250,251,251,252,252,252,253,253,253,254,254,255
  0, 35, 45, 52, 57, 62, 66, 70, 74, 77, 80, 82, 85, 88, 90, 92, 94, 96, 98,100,102,104,106,107,109,111,112,114,115,117,118,120,121,122,124,125,126,127,129,130,131,132,133,135,136,137,138,139,140,141,142,143,144,145,146,147,148,149,150,151,152,152,153,154,155,156,157,158,159,159,160,161,162,163,163,164,165,166,167,167,168,169,170,170,171,172,172,173,174,175,175,176,177,177,178,179,179,180,181,181,182,183,183,184,185,185,186,186,187,188,188,189,190,190,191,191,192,193,193,194,194,195,195,196,197,197,198,198,199,199,200,201,201,202,202,203,203,204,204,205,205,206,206,207,207,208,208,209,209,210,210,211,211,212,212,213,213,214,214,215,215,216,216,217,217,218,218,219,219,220,220,221,221,222,222,222,223,223,224,224,225,225,226,226,226,227,227,228,228,229,229,229,230,230,231,231,232,232,232,233,233,234,234,235,235,235,236,236,237,237,237,238,238,239,239,239,240,240,241,241,241,242,242,243,243,243,244,244,245,245,245,246,246,246,247,247,248,248,248,249,249,249,250,250,251,251,251,252,252,252,253,253,253,254,254,255
  0, 37, 47, 55, 60, 65, 69, 73, 77, 80, 83, 86, 88, 91, 93, 95, 98,100,102,104,106,107,109,111,112,114,116,117,119,120,121,123,124,125,127,128,129,131,132,133,134,135,136,138,139,140,141,142,143,144,145,146,147,148,149,150,151,152,153,153,154,155,156,157,158,159,160,160,161,162,163,164,164,165,166,167,167,168,169,170,170,171,172,173,173,174,175,175,176,177,178,178,179,180,180,181,182,182,183,184,184,185,185,186,187,187,188,189,189,190,190,191,192,192,193,193,194,194,195,196,196,197,197,198,198,199,199,200,201,201,202,202,203,203,204,204,205,205,206,206,207,207,208,208,209,209,210,210,211,211,212,212,213,213,214,214,215,215,216,216,217,217,218,218,218,219,219,220,220,221,221,222,222,223,223,223,224,224,225,225,226,226,227,227,227,228,228,229,229,229,230,230,231,231,232,232,232,233,233,234,234,234,235,235,236,236,236,237,237,238,238,238,239,239,240,240,240,241,241,241,242,242,243,243,243,244,244,244,245,245,246,246,246,247,247,247,248,248,249,249,249,250,250,250,251,251,251,252,252,252,253,253,253,254,254,255
  0, 40, 50, 57, 63, 68, 73, 76, 80, 83, 86, 89, 92, 94, 96, 99,101,103,105,107,109,110,112,114,115,117,119,120,122,123,124,126,127,128,130,131,132,133,135,136,137,138,139,140,141,143,144,145,146,147,148,149,150,151,151,152,153,154,155,156,157,158,159,160,160,161,162,163,164,164,165,166,167,168,168,169,170,171,171,172,173,173,174,175,176,176,177,178,178,179,180,180,181,182,182,183,184,184,185,186,186,187,187,188,189,189,190,190,191,192,192,193,193,194,194,195,196,196,197,197,198,198,199,199,200,201,201,202,202,203,203,204,204,205,205,206,206,207,207,208,208,209,209,210,210,211,211,212,212,213,213,214,214,215,215,216,216,216,217,217,218,218,219,219,220,220,221,221,221,222,222,223,223,224,224,224,225,225,226,226,227,227,227,228,228,229,229,229,230,230,231,231,231,232,232,233,233,233,234,234,235,235,235,236,236,237,237,237,238,238,239,239,239,240,240,240,241,241,242,242,242,243,243,243,244,244,244,245,245,246,246,246,247,247,247,248,248,248,249,249,249,250,250,250,251,251,251,252,252,252,253,253,253,254,254,255
  0, 42, 53, 60, 66, 71, 76, 79, 83, 86, 89, 92, 95, 97, 99,102,104,106,108,110,112,113,115,117,118,120,122,123,125,126,127,129,130,131,133,134,135,136,137,139,140,141,142,143,144,145,146,147,148,149,150,151,152,153,154,155,156,157,158,159,159,160,161,162,163,164,164,165,166,167,168,168,169,170,171,171,172,173,174,174,175,176,176,177,178,178,179,180,180,181,182,182,183,184,184,185,186,186,187,187,188,189,189,190,190,191,192,192,193,193,194,194,195,196,196,197,197,198,198,199,199,200,201,201,202,202,203,203,204,204,205,205,206,206,207,207,208,208,209,209,210,210,211,211,212,212,213,213,213,214,214,215,215,216,216,217,217,218,218,218,219,219,220,220,221,221,222,222,222,223,223,224,224,225,225,225,226,226,227,227,227,228,228,229,229,229,230,230,231,231,231,232,232,233,233,233,234,234,235,235,235,236,236,236,237,237,238,238,238,239,239,239,240,240,240,241,241,242,242,242,243,243,243,244,244,244,245,245,245,246,246,246,247,247,248,248,248,249,249,249,250,250,250,251,251,251,252,252,252,253,253,253,254,254,254,255
  0, 45, 56, 63, 69, 74, 79, 82, 86, 89, 92, 95, 98,100,102,105,107,109,111,113,115,116,118,120,121,123,124,126,127,129,130,131,133,134,135,137,138,139,140,141,142,144,145,146,147,148,149,150,151,152,153,154,155,156,156,157,158,159,160,161,162,163,163,164,165,166,167,167,168,169,170,171,171,172,173,173,174,175,176,176,177,178,178,179,180,180,181,182,182,183,184,184,185,186,186,187,187,188,189,189,190,190,191,192,192,193,193,194,194,195,196,196,197,197,198,198,199,199,200,200,201,202,202,203,203,204,204,205,205,206,206,207,207,208,208,209,209,210,210,210,211,211,212,212,213,213,214,214,215,215,216,216,216,217,217,218,218,219,219,220,220,220,221,221,222,222,222,223,223,224,224,225,225,225,226,226,227,227,227,228,228,229,229,229,230,230,231,231,231,232,232,232,233,233,234,234,234,235,235,235,236,236,237,237,237,238,238,238,239,239,239,240,240,241,241,241,242,242,242,243,243,243,244,244,244,245,245,245,246,246,246,247,247,247,248,248,248,249,249,249,250,250,250,251,251,251,252,252,252,253,253,253,254,254,254,255
  0, 47, 58, 66, 72, 77, 81, 85, 89, 92, 95, 98,100,103,105,108,110,112,114,116,117,119,121,123,124,126,127,129,130,131,133,134,135,137,138,139,140,142,143,144,145,146,147,148,149,150,151,152,153,154,155,156,157,158,159,160,161,161,162,163,164,165,166,166,167,168,169,170,170,171,172,173,173,174,175,175,176,177,178,178,179,180,180,181,182,182,183,184,184,185,185,186,187,187,188,189,189,190,190,191,192,192,193,193,194,194,195,195,196,197,197,198,198,199,199,200,200,201,201,202,202,203,203,204,204,205,205,206,206,207,207,208,208,209,209,210,210,211,211,212,212,213,213,214,214,214,215,215,216,216,217,217,217,218,218,219,219,220,220,220,221,221,222,222,223,223,223,224,224,225,225,225,226,226,227,227,227,228,228,229,229,229,230,230,230,231,231,232,232,232,233,233,233,234,234,235,235,235,236,236,236,237,237,237,238,238,239,239,239,240,240,240,241,241,241,242,242,242,243,243,243,244,244,244,245,245,245,246,246,246,247,247,247,248,248,248,249,249,249,250,250,250,250,251,251,251,252,252,252,253,253,253,254,254,254,255
  0, 49, 61, 69, 75, 80, 84, 88, 92, 95, 98,101,103,106,108,110,112,114,116,118,120,122,124,125,127,128,130,131,133,134,135,137,138,139,140,142,143,144,145,146,147,148,150,151,152,153,154,155,156,156,157,158,159,160,161,162,163,164,164,165,166,167,168,169,169,170,171,172,172,173,174,175,175,176,177,177,178,179,179,180,181,181,182,183,183,184,185,185,186,187,187,188,188,189,190,190,191,191,192,193,193,194,194,195,195,196,196,197,198,198,199,199,200,200,201,201,202,202,203,203,204,204,205,205,206,206,207,207,208,208,209,209,210,210,211,211,211,212,212,213,213,214,214,215,215,215,216,216,217,217,218,218,219,219,219,220,220,221,221,221,222,222,223,223,223,224,224,225,225,225,226,226,227,227,227,228,228,229,229,229,230,230,230,231,231,232,232,232,233,233,233,234,234,234,235,235,236,236,236,237,237,237,238,238,238,239,239,239,240,240,240,241,241,241,242,242,242,243,243,243,244,244,244,245,245,245,246,246,246,247,247,247,248,248,248,248,249,249,249,250,250,250,251,251,251,252,252,252,252,253,253,253,254,254,254,255
  0, 52, 63, 71, 77, 82, 87, 91, 94, 98,101,103,106,108,111,113,115,117,119,121,123,124,126,128,129,131,132,134,135,137,138,139,140,142,143,144,145,146,148,149,150,151,152,153,154,155,156,157,158,159,160,161,161,162,163,164,165,166,167,167,168,169,170,171,171,172,173,174,174,175,176,176,177,178,179,179,180,181,181,182,183,183,184,185,185,186,186,187,188,188,189,189,190,191,191,192,192,193,194,194,195,195,196,196,197,197,198,198,199,200,200,201,201,202,202,203,203,204,204,205,205,206,206,207,207,208,208,208,209,209,210,210,211,211,212,212,213,213,213,214,214,215,215,216,216,217,217,217,218,218,219,219,219,220,220,221,221,222,222,222,223,223,223,224,224,225,225,225,226,226,227,227,227,228,228,228,229,229,230,230,230,231,231,231,232,232,233,233,233,234,234,234,235,235,235,236,236,236,237,237,237,238,238,238,239,239,239,240,240,240,241,241,241,242,242,242,243,243,243,244,244,244,245,245,245,246,246,246,246,247,247,247,248,248,248,249,249,249,250,250,250,250,251,251,251,252,252,252,252,253,253,253,254,254,254,255
  0, 54, 66, 74, 80, 85, 89, 93, 97,100,103,106,109,111,113,116,118,120,122,123,125,127,129,130,132,133,135,136,138,139,140,142,143,144,145,146,148,149,150,151,152,153,154,155,156,157,158,159,160,161,162,163,163,164,165,166,167,168,169,169,170,171,172,172,173,174,175,175,176,177,178,178,179,180,180,181,182,182,183,184,184,185,186,186,187,187,188,189,189,190,190,191,192,192,193,193,194,194,195,196,196,197,197,198,198,199,199,200,200,201,201,202,202,203,203,204,204,205,205,206,206,207,207,208,208,209,209,210,210,211,211,211,212,212,213,213,214,214,215,215,215,216,216,217,217,217,218,218,219,219,220,220,220,221,221,222,222,222,223,223,224,224,224,225,225,225,226,226,227,227,227,228,228,228,229,229,230,230,230,231,231,231,232,232,232,233,233,233,234,234,234,235,235,236,236,236,237,237,237,238,238,238,239,239,239,239,240,240,240,241,241,241,242,242,242,243,243,243,244,244,244,245,245,245,245,246,246,246,247,247,247,248,248,248,248,249,249,249,250,250,250,251,251,251,251,252,252,252,253,253,253,253,254,254,254,255
  0, 57, 68, 76, 82, 88, 92, 96,100,103,106,109,111,114,116,118,120,122,124,126,128,129,131,133,134,136,137,138,140,141,143,144,145,146,147,149,150,151,152,153,154,155,156,157,158,159,160,161,162,163,164,165,165,166,167,168,169,170,170,171,172,173,174,174,175,176,176,177,178,179,179,180,181,181,182,183,183,184,185,185,186,187,187,188,188,189,190,190,191,191,192,193,193,194,194,195,195,196,196,197,197,198,199,199,200,200,201,201,202,202,203,203,204,204,205,205,206,206,207,207,208,208,208,209,209,210,210,211,211,212,212,212,213,213,214,214,215,215,216,216,216,217,217,218,218,218,219,219,220,220,220,221,221,222,222,222,223,223,224,224,224,225,225,225,226,226,227,227,227,228,228,228,229,229,229,230,230,231,231,231,232,232,232,233,233,233,234,234,234,235,235,235,236,236,236,237,237,237,238,238,238,239,239,239,240,240,240,241,241,241,241,242,242,242,243,243,243,244,244,244,245,245,245,245,246,246,246,247,247,247,247,248,248,248,249,249,249,250,250,250,250,251,251,251,251,252,252,252,253,253,253,253,254,254,254,255
  0, 59, 71, 79, 85, 90, 95, 98,102,105,108,111,114,116,118,120,123,125,126,128,130,132,133,135,136,138,139,141,142,143,145,146,147,148,150,151,152,153,154,155,156,157,158,159,160,161,162,163,164,165,166,166,167,168,169,170,171,171,172,173,174,175,175,176,177,177,178,179,180,180,181,182,182,183,184,184,185,186,186,187,187,188,189,189,190,190,191,192,192,193,193,194,194,195,196,196,197,197,198,198,199,199,200,200,201,201,202,202,203,203,204,204,205,205,206,206,207,207,208,208,209,209,210,210,210,211,211,212,212,213,213,214,214,214,215,215,216,216,216,217,217,218,218,218,219,219,220,220,220,221,221,222,222,222,223,223,224,224,224,225,225,225,226,226,227,227,227,228,228,228,229,229,229,230,230,230,231,231,231,232,232,233,233,233,234,234,234,235,235,235,236,236,236,236,237,237,237,238,238,238,239,239,239,240,240,240,241,241,241,241,242,242,242,243,243,243,244,244,244,244,245,245,245,246,246,246,247,247,247,247,248,248,248,249,249,249,249,250,250,250,250,251,251,251,252,252,252,252,253,253,253,253,254,254,254,255
  0,  0,  0,  0,  0,  0,  0,  0,  0,  0,  0,  0,  0,  0,  0,  0,  0,  0,  0,  0,  0,  0,  0,  0,  0,  0,  0,  0,  0,  0,  0,  0,  0,  0,  0,  0,  0,  0,  0,  0,  0,  0,  0,  0,  0,  0,  0,  0,  0,  0,  0,  0,  0,  0,  0,  0,  0,  0,  0,  0,  0,  0,  0,  0,  0,  0,  0,  0,  0,  0,  0,  0,  0,  0,  0,  0,  0,  0,  0,  0,  0,  0,  0,  0,  0,  0,  0,  0,  0,  0,  0,  0,  0,  0,  0,  0,  0,  0,  0,  0,  0,  0,  0,  0,  0,  0,  0,  0,  0,  0,  0,  0,  0,  0,  0,  0,  0,  0,  0,  0,  0,  0,  0,  0,  0,  0,  0,  0,  0,  0,  0,  0,  0,  0,  0,  0,  0,  0,  0,  0,  0,  0,  0,  0,  0,  0,  0,  0,  0,  0,  0,  0,  0,  0,  0,  0,  0,  0,  0,  0,  0,  0,  0,  0,  0,  0,  0,  0,  0,  0,  0,  0,  0,  0,  0,  0,  0,  0,  0,  0,  0,  0,  0,  0,  0,  0,  0,  0,  0,  0,  0,  0,  0,  0,  0,  0,  0,  0,  0,  0,  0,  0,  0,  0,  0,  0,  0,  0,  0,  0,  0,  0,  0,  0,  0,  0,  0,  0,  0,  0,  0,  0,  0,  0,  0,  0,  0,  0,  0,  0,  0,  0,  0,  0,  0,  0,  0,  0,  0,  0,  0,  0,  0,  0,  0,  0,  0,  0,  0,  0,  0,  0,  0,  0,  0,  0
  0,  0,  0,  0,  0,  0,  0,  0,  0,  0,  0,  1,  1,  1,  1,  2,  2,  2,  3,  3,  3,  4,  4,  5,  5,  5,  6,  6,  7,  8,  8,  9,  9, 10, 11, 11, 12, 13, 13, 14, 15, 15, 16, 17, 18, 19, 19, 20, 21, 22, 23, 24, 25, 26, 27, 28, 29, 30, 31, 32, 33, 34, 35, 36, 37, 38, 39, 41, 42, 43, 44, 45, 46, 48, 49, 50, 51, 53, 54, 55, 57, 58, 59, 61, 62, 63, 65, 66, 67, 69, 70, 72, 73, 74, 76, 77, 79, 80, 82, 83, 85, 86, 88, 89, 91, 92, 94, 95, 97, 98,100,101,103,104,106,107,109,111,112,114,115,117,118,120,122,123,125,126,128,129,131,132,134,136,137,139,140,142,143,145,147,148,150,151,153,154,156,157,159,160,162,163,165,166,168,169,171,172,174,175,177,178,180,181,182,184,185,187,188,189,191,192,193,195,196,197,199,200,201,203,204,205,206,208,209,210,211,212,213,215,216,217,218,219,220,221,222,223,224,225,226,227,228,229,230,231,232,233,234,235,235,236,237,238,239,239,240,241,241,242,243,243,244,245,245,246,246,247,248,248,249,249,249,250,250,251,251,251,252,252,252,253,253,253,253,254,254,254,254,254,254,254,254,254,254,255
  0,  1,  2,  4,  5,  6,  8,  9, 10, 12, 13, 14, 16, 17, 18, 20, 21, 22, 23, 25, 26, 27, 28, 30, 31, 32, 33, 35, 36, 37, 38, 39, 40, 42, 43, 44, 45, 46, 47, 48, 49, 51, 52, 53, 54, 55, 56, 57, 58, 59, 60, 61, 62, 63, 64, 65, 66, 67, 68, 69, 70, 71, 72, 73, 74, 75, 76, 77, 78, 79, 80, 81, 82, 82, 83, 84, 85, 86, 87, 88, 89, 90, 90, 91, 92, 93, 94, 95, 96, 96, 97, 98, 99,100,101,101,102,103,104,105,105,106,107,108,109,109,110,111,112,113,113,114,115,116,117,117,118,119,120,120,121,122,123,124,124,125,126,127,127,128,129,130,130,131,132,133,134,134,135,136,137,137,138,139,140,141,141,142,143,144,145,145,146,147,148,149,149,150,151,152,153,153,154,155,156,157,158,158,159,160,161,162,163,164,164,165,166,167,168,169,170,171,172,172,173,174,175,176,177,178,179,180,181,182,183,184,185,186,187,188,189,190,191,192,193,194,195,196,197,198,199,200,201,202,203,205,206,207,208,209,210,211,212,214,215,216,217,218,219,221,222,223,224,226,227,228,229,231,232,233,234,236,237,238,240,241,242,244,245,246,248,249,250,252,253,255
  0,  1,  3,  4,  6,  7,  9, 10, 12, 13, 15, 16, 18, 19, 21, 22, 24, 25, 26, 28, 29, 31, 32, 33, 35, 36, 37, 39, 40, 41, 42, 44, 45, 46, 47, 48, 50, 51, 52, 53, 54, 56, 57, 58, 59, 60, 61, 62, 63, 64, 65, 66, 68, 69, 70, 71, 72, 73, 74, 75, 76, 76, 77, 78, 79, 80, 81, 82, 83, 84, 85, 86, 87, 87, 88, 89, 90, 91, 92, 92, 93, 94, 95, 96, 96, 97, 98, 99,100,100,101,102,103,103,104,105,106,106,107,108,108,109,110,111,111,112,113,113,114,115,115,116,117,117,118,119,119,120,121,121,122,123,123,124,125,125,126,127,127,128,129,129,130,131,131,132,133,133,134,135,135,136,137,137,138,139,139,140,141,141,142,143,143,144,145,146,146,147,148,148,149,150,151,151,152,153,154,154,155,156,157,158,158,159,160,161,162,162,163,164,165,166,167,167,168,169,170,171,172,173,174,175,176,177,178,178,179,180,181,182,183,184,185,186,188,189,190,191,192,193,194,195,196,197,198,200,201,202,203,204,206,207,208,209,210,212,213,214,215,217,218,219,221,222,223,225,226,228,229,230,232,233,235,236,238,239,241,242,244,245,247,248,250,251,253,255
  0,  1,  3,  5,  7,  8, 10, 12, 13, 15, 17, 18, 20, 22, 23, 25, 26, 28, 29, 31, 32, 34, 35, 37, 38, 40, 41, 43, 44, 45, 47, 48, 49, 51, 52, 53, 54, 56, 57, 58, 59, 61, 62, 63, 64, 65, 66, 67, 69, 70, 71, 72, 73, 74, 75, 76, 77, 78, 79, 80, 81, 82, 83, 84, 85, 86, 86, 87, 88, 89, 90, 91, 92, 92, 93, 94, 95, 96, 96, 97, 98, 99, 99,100,101,102,102,103,104,104,105,106,106,107,108,108,109,110,110,111,111,112,113,113,114,114,115,116,116,117,117,118,118,119,120,120,121,121,122,122,123,123,124,125,125,126,126,127,127,128,128,129,129,130,131,131,132,132,133,133,134,134,135,136,136,137,137,138,138,139,140,140,141,141,142,143,143,144,144,145,146,146,147,148,148,149,150,150,151,152,153,153,154,155,155,156,157,158,158,159,160,161,162,162,163,164,165,166,167,168,168,169,170,171,172,173,174,175,176,177,178,179,180,181,182,183,184,185,187,188,189,190,191,192,193,195,196,197,198,200,201,202,203,205,206,207,209,210,211,213,214,216,217,219,220,222,223,225,226,228,229,231,232,234,236,237,239,241,242,244,246,247,249,251,253,255
  0,  1,  3,  5,  7,  9, 11, 13, 15, 17, 19, 20, 22, 24, 26, 27, 29, 31, 32, 34, 36, 37, 39, 40, 42, 44, 45, 47, 48, 49, 51, 52, 54, 55, 56, 58, 59, 60, 62, 63, 64, 66, 67, 68, 69, 70, 72, 73, 74, 75, 76, 77, 78, 79, 80, 81, 82, 83, 84, 85, 86, 87, 88, 89, 90, 91, 92, 92, 93, 94, 95, 96, 97, 97, 98, 99,100,100,101,102,102,103,104,104,105,106,106,107,108,108,109,109,110,111,111,112,112,113,113,114,114,115,115,116,116,117,117,118,118,119,119,120,120,121,121,122,122,122,123,123,124,124,125,125,125,126,126,127,127,128,128,129,129,129,130,130,131,131,132,132,132,133,133,134,134,135,135,136,136,137,137,138,138,139,139,140,140,141,141,142,142,143,143,144,145,145,146,146,147,148,148,149,150,150,151,152,152,153,154,154,155,156,157,157,158,159,160,161,162,162,163,164,165,166,167,168,169,170,171,172,173,174,175,176,177,178,179,180,181,182,184,185,186,187,188,190,191,192,194,195,196,198,199,200,202,203,205,206,207,209,210,212,214,215,217,218,220,222,223,225,227,228,230,232,234,235,237,239,241,243,245,247,249,251,253,255
  0,  2,  4,  6,  8, 10, 12, 14, 16, 18, 20, 22, 24, 26, 28, 30, 32, 34, 35, 37, 39, 41, 42, 44, 46, 47, 49, 51, 52, 54, 55, 57, 58, 60, 61, 62, 64, 65, 67, 68, 69, 71, 72, 73, 74, 76, 77, 78, 79, 80, 81, 82, 84, 85, 86, 87, 88, 89, 90, 91, 92, 92, 93, 94, 95, 96, 97, 98, 98, 99,100,101,102,102,103,104,104,105,106,106,107,108,108,109,109,110,111,111,112,112,113,113,114,114,115,115,116,116,116,117,117,118,118,119,119,119,120,120,121,121,121,122,122,122,123,123,123,124,124,124,125,125,125,126,126,126,127,127,127,127,128,128,128,129,129,129,130,130,130,131,131,131,132,132,132,133,133,133,134,134,135,135,135,136,136,137,137,138,138,138,139,139,140,140,141,141,142,142,143,143,144,145,145,146,146,147,148,148,149,150,150,151,152,152,153,154,155,156,156,157,158,159,160,161,162,162,163,164,165,166,167,168,169,170,172,173,174,175,176,177,178,180,181,182,183,185,186,187,189,190,192,193,194,196,197,199,200,202,203,205,207,208,210,212,213,215,217,219,220,222,224,226,228,230,232,234,236,238,240,242,244,246,248,250,252,255
  0,  2,  4,  7,  9, 11, 13, 16, 18, 20, 22, 24, 26, 28, 30, 32, 34, 36, 38, 40, 42, 44, 46, 48, 49, 51, 53, 55, 56, 58, 59, 61, 63, 64, 66, 67, 69, 70, 71, 73, 74, 76, 77, 78, 80, 81, 82, 83, 84, 86, 87, 88, 89, 90, 91, 92, 93, 94, 95, 96, 97, 98, 99,100,100,101,102,103,104,104,105,106,107,107,108,109,109,110,110,111,112,112,113,113,114,114,115,115,116,116,117,117,117,118,118,119,119,119,120,120,120,121,121,121,122,122,122,122,123,123,123,123,124,124,124,124,125,125,125,125,125,126,126,126,126,126,127,127,127,127,128,128,128,128,128,129,129,129,129,129,130,130,130,130,131,131,131,131,132,132,132,132,133,133,133,134,134,134,135,135,135,136,136,137,137,137,138,138,139,139,140,140,141,141,142,142,143,144,144,145,145,146,147,147,148,149,150,150,151,152,153,154,154,155,156,157,158,159,160,161,162,163,164,165,166,167,168,170,171,172,173,174,176,177,178,180,181,183,184,185,187,188,190,191,193,195,196,198,199,201,203,205,206,208,210,212,214,216,218,220,222,224,226,228,230,232,234,236,238,241,243,245,247,250,252,255
  0,  2,  5,  7, 10, 12, 15, 17, 19, 22, 24, 26, 28, 31, 33, 35, 37, 39, 41, 43, 45, 47, 49, 51, 53, 55, 57, 59, 60, 62, 64, 65, 67, 69, 70, 72, 73, 75, 76, 78, 79, 81, 82, 83, 85, 86, 87, 88, 90, 91, 92, 93, 94, 95, 96, 97, 98, 99,100,101,102,103,104,105,106,107,107,108,109,110,110,111,112,112,113,113,114,115,115,116,116,117,117,118,118,119,119,119,120,120,120,121,121,121,122,122,122,123,123,123,123,124,124,124,124,124,125,125,125,125,125,125,125,126,126,126,126,126,126,126,126,126,127,127,127,127,127,127,127,127,127,127,127,127,128,128,128,128,128,128,128,128,128,129,129,129,129,129,129,129,130,130,130,130,130,131,131,131,131,132,132,132,133,133,133,134,134,134,135,135,136,136,136,137,137,138,138,139,139,140,141,141,142,142,143,144,144,145,146,147,147,148,149,150,151,152,153,154,155,156,157,158,159,160,161,162,163,164,166,167,168,169,171,172,173,175,176,178,179,181,182,184,185,187,189,190,192,194,195,197,199,201,203,205,207,209,211,213,215,217,219,221,223,226,228,230,232,235,237,239,242,244,247,249,252,255
  0,  0,  0,  0,  0,  0,  0,  0,  0,  0,  0,  0,  0,  0,  0,  0,  0,  0,  0,  0,  0,  0,  0,  0,  0,  0,  0,  0,  0,  0,  0,  0,  0,  0,  0,  0,  0,  0,  0,  0,  0,  0,  0,  0,  0,  0,  0,  0,  0,  0,  0,  0,  0,  0,  0,  0,  0,  0,  0,  0,  0,  0,  0,  0,  0,  0,  0,  0,  0,  0,  0,  0,  0,  0,  0,  0,  0,  0,  0,  0,  0,  0,  0,  0,  0,  0,  0,  0,  0,  0,  0,  0,  0,  0,  0,  0,  0,  0,  0,  0,  0,  0,  0,  0,  0,  0,  0,  0,  0,  0,  0,  0,  0,  0,  0,  0,  0,  0,  0,  0,  0,  0,  0,  0,  0,  0,  0,  0,  0,  0,  0,  0,  0,  0,  0,  0,  0,  0,  0,  0,  0,  0,  0,  0,  0,  0,  0,  0,  0,  0,  0,  0,  0,  0,  0,  0,  0,  0,  0,  0,  0,  0,  0,  0,  0,  0,  0,  0,  0,  0,  0,  0,  0,  0,  0,  0,  0,  0,  0,  0,  0,  0,  0,  0,  0,  0,  0,  0,  0,  0,  0,  0,  0,  0,  0,  0,  0,  0,  0,  0,  0,  0,  0,  0,  0,  0,  0,  0,  0,  0,  0,  0,  0,  0,  0,  0,  0,  0,  0,  0,  0,  0,  0,  0,  0,  0,  0,  0,  0,  0,  0,  0,  0,  0,  0,  0,  0,  0,  0,  0,  0,  0,  0,  0,  0,  0,  0,  0,  0,  0,  0,  0,  0,  0,  0,  0
  0,  0,  0,  0,  0,  0,  0,  0,  0,  0,  0,  0,  0,  0,  0,  0,  0,  0,  0,  0,  0,  0,  0,  0,  0,  0,  0,  0,  0,  0,  0,  0,  0,  0,  0,  0,  0,  0,  0,  0,  0,  0,  0,  0,  0,  0,  0,  0,  0,  0,  0,  0,  0,  0,  0,  0,  0,  0,  0,  0,  0,  0,  0,  0,  0,  0,  0,  0,  0,  0,  0,  0,  0,  0,  0,  0,  0,  0,  0,  0,  0,  0,  0,  0,  0,  0,  0,  0,  0,  0,  0,  0,  0,  0,  0,  0,  0,  0,  0,  0,  0,  0,  0,  0,  0,  0,  0,  0,  0,  0,  0,  0,  0,  0,  0,  0,  0,  0,  0,  0,  0,  0,  0,  0,  0,  0,  0,  0,  0,  0,  0,  0,  0,  0,  0,  0,  0,  0,  0,  0,  0,  0,  0,  0,  0,  0,  0,  0,  0,  0,  0,  0,  0,  0,  0,  0,  0,  0,  0,  0,  0,  0,  0,  0,  0,  0,  0,  0,  0,  0,  0,  0,  0,  0,  0,  0,  0,  0,  0,  0,  0,  0,  0,  0,  0,  0,  0,  0,  0,  0,  0,  0,  0,  0,  0,  0,  0,  0,  0,  0,  0,  0,  0,  0,  0,  0,  0,  0,  0,  0,  0,  0,  0,  0,  0,  0,  0,  0,  0,  0,  0,  0,  0,  0,  0,  0,  0,  0,  0,  0,  0,  0,  0,  0,  0,  0,  0,  0,  0,  0,  0,  0,  0,  0,  0,  0,  0,  0,  0,  0,  0,  0,  0,  0,  0,  0
  0,  0,  0,  0,  0,  0,  0,  0,  0,  0,  0,  0,  0,  0,  0,  0,  0,  0,  0,  0,  0,  0,  0,  0,  0,  0,  0,  0,  0,  0,  0,  0,  0,  0,  0,  0,  0,  0,  0,  0,  0,  0,  0,  0,  0,  0,  0,  0,  0,  0,  0,  0,  0,  0,  0,  0,  0,  0,  0,  0,  0,  0,  0,  0,  0,  0,  0,  0,  0,  0,  0,  0,  0,  0,  0,  0,  0,  0,  0,  0,  0,  0,  0,  0,  0,  0,  0,  0,  0,  0,  0,  0,  0,  0,  0,  0,  0,  0,  0,  0,  0,  0,  0,  0,  0,  0,  0,  0,  0,  0,  0,  0,  0,  0,  0,  0,  0,  0,  0,  0,  0,  0,  0,  0,  0,  0,  0,  0,  0,  0,  0,  0,  0,  0,  0,  0,  0,  0,  0,  0,  0,  0,  0,  0,  0,  0,  0,  0,  0,  0,  0,  0,  0,  0,  0,  0,  0,  0,  0,  0,  0,  0,  0,  0,  0,  0,  0,  0,  0,  0,  0,  0,  0,  0,  0,  0,  0,  0,  0,  0,  0,  0,  0,  0,  0,  0,  0,  0,  0,  0,  0,  0,  0,  0,  0,  0,  0,  0,  0,  0,  0,  0,  0,  0,  0,  0,  0,  0,  0,  0,  0,  0,  0,  0,  0,  0,  0,  0,  0,  0,  0,  0,  0,  0,  0,  0,  0,  0,  0,  0,  0,  0,  0,  0,  0,  0,  0,  0,  0,  0,  0,  0,  0,  0,  0,  0,  0,  0,  0,  0,  0,  0,  0,  0,  0,  0
  0,  0,  0,  0,  0,  0,  0,  0,  0,  0,  0,  1,  1,  1,  1,  2,  2,  2,  3,  3,  3,  4,  4,  5,  5,  5,  6,  6,  7,  8,  8,  9,  9, 10, 11, 11, 12, 13, 13, 14, 15, 15, 16, 17, 18, 19, 19, 20, 21, 22, 23, 24, 25, 26, 27, 28, 29, 30, 31, 32, 33, 34, 35, 36, 37, 38, 39, 41, 42, 43, 44, 45, 46, 48, 49, 50, 51, 53, 54, 55, 57, 58, 59, 61, 62, 63, 65, 66, 67, 69, 70, 72, 73, 74, 76, 77, 79, 80, 82, 83, 85, 86, 88, 89, 91, 92, 94, 95, 97, 98,100,101,103,104,106,107,109,111,112,114,115,117,118,120,122,123,125,126,128,129,131,132,134,136,137,139,140,142,143,145,147,148,150,151,153,154,156,157,159,160,162,163,165,166,168,169,171,172,174,175,177,178,180,181,182,184,185,187,188,189,191,192,193,195,196,197,199,200,201,203,204,205,206,208,209,210,211,212,213,215,216,217,218,219,220,221,222,223,224,225,226,227,228,229,230,231,232,233,234,235,235,236,237,238,239,239,240,241,241,242,243,243,244,245,245,246,246,247,248,248,249,249,249,250,250,251,251,251,252,252,252,253,253,253,253,254,254,254,254,254,254,254,254,254,254,255
  0,  0,  0,  0,  0,  0,  1,  1,  2,  3,  3,  4,  5,  6,  7,  8,  9, 11, 12, 13, 15, 16, 18, 19, 21, 23, 25, 27, 29, 31, 33, 35, 37, 39, 42, 44, 46, 49, 51, 54, 57, 59, 62, 65, 67, 70, 73, 76, 79, 82, 85, 88, 91, 94, 97,100,103,106,109,112,115,118,122,125,128,131,134,137,140,143,147,150,153,156,159,162,165,168,171,174,177,180,182,185,188,191,193,196,199,201,204,206,209,211,213,216,218,220,222,224,226,228,230,232,234,235,237,239,240,241,243,244,245,246,248,249,249,250,251,252,252,253,253,254,254,254,254,254,254,254,254,254,254,253,253,252,252,251,250,249,249,248,246,245,244,243,241,240,239,237,235,234,232,230,228,226,224,222,220,218,216,213,211,209,206,204,201,199,196,193,191,188,185,182,180,177,174,171,168,165,162,159,156,153,150,147,143,140,137,134,131,128,125,122,118,115,112,109,106,103,100, 97, 94, 91, 88, 85, 82, 79, 76, 73, 70, 67, 65, 62, 59, 57, 54, 51, 49, 46, 44, 42, 39, 37, 35, 33, 31, 29, 27, 25, 23, 21, 19, 18, 16, 15, 13, 12, 11,  9,  8,  7,  6,  5,  4,  3,  3,  2,  1,  1,  0,  0,  0,  0,  0,  0
  0,  0,  0,  0,  1,  2,  3,  4,  5,  6,  8, 10, 12, 14, 16, 19, 21, 24, 27, 30, 33, 36, 39, 43, 46, 50, 54, 58, 62, 66, 70, 74, 79, 83, 88, 92, 97,101,106,111,115,120,125,129,134,139,143,148,153,157,162,166,171,175,180,184,188,192,196,200,204,208,211,215,218,221,224,227,230,233,235,238,240,242,244,246,248,249,250,251,252,253,254,254,254,255,254,254,254,253,252,251,250,249,248,246,244,242,240,238,235,233,230,227,224,221,218,215,211,208,204,200,196,192,188,184,180,175,171,166,162,157,153,148,143,139,134,129,125,120,115,111,106,101, 97, 92, 88, 83, 79, 74, 70, 66, 62, 58, 54, 50, 46, 43, 39, 36, 33, 30, 27, 24, 21, 19, 16, 14, 12, 10,  8,  6,  5,  4,  3,  2,  1,  0,  0,  0,  0,  0,  0,  0,  1,  2,  3,  4,  5,  6,  8, 10, 12, 14, 16, 19, 21, 24, 27, 30, 33, 36, 39, 43, 46, 50, 54, 58, 62, 66, 70, 74, 79, 83, 88, 92, 97,101,106,111,115,120,125,129,134,139,143,148,153,157,162,166,171,175,180,184,188,192,196,200,204,208,211,215,218,221,224,227,230,233,235,238,240,242,244,246,248,249,250,251,252,253,254,254,254,255
  0,  0,  0,  1,  2,  3,  5,  7,  9, 12, 15, 18, 21, 25, 29, 33, 37, 42, 46, 51, 57, 62, 67, 73, 79, 85, 91, 97,103,109,115,122,128,134,140,147,153,159,165,171,177,182,188,193,199,204,209,213,218,222,226,230,234,237,240,243,245,248,249,251,252,253,254,254,254,254,254,253,252,250,249,246,244,241,239,235,232,228,224,220,216,211,206,201,196,191,185,180,174,168,162,156,150,143,137,131,125,118,112,106,100, 94, 88, 82, 76, 70, 65, 59, 54, 49, 44, 39, 35, 31, 27, 23, 19, 16, 13, 11,  8,  6,  4,  3,  1,  0,  0,  0,  0,  0,  0,  1,  3,  4,  6,  8, 11, 13, 16, 19, 23, 27, 31, 35, 39, 44, 49, 54, 59, 65, 70, 76, 82, 88, 94,100,106,112,118,125,131,137,143,150,156,162,168,174,180,185,191,196,201,206,211,216,220,224,228,232,235,239,241,244,246,249,250,252,253,254,254,254,254,254,253,252,251,249,248,245,243,240,237,234,230,226,222,218,213,209,204,199,193,188,182,177,171,165,159,153,147,140,134,128,122,115,109,103, 97, 91, 85, 79, 73, 67, 62, 57, 51, 46, 42, 37, 33, 29, 25, 21, 18, 15, 12,  9,  7,  5,  3,  2,  1,  0,  0,  0
  0,  0,  0,  2,  3,  5,  8, 11, 15, 19, 23, 28, 33, 38, 44, 50, 57, 63, 70, 77, 85, 92,100,107,115,123,131,139,147,154,162,169,177,184,191,197,204,210,216,221,226,231,235,239,243,246,249,251,252,254,254,255,254,254,252,251,249,246,243,239,235,231,226,221,216,210,204,197,191,184,177,169,162,154,147,139,131,123,115,107,100, 92, 85, 77, 70, 63, 57, 50, 44, 38, 33, 28, 23, 19, 15, 11,  8,  5,  3,  2,  0,  0,  0,  0,  0,  2,  3,  5,  8, 11, 15, 19, 23, 28, 33, 38, 44, 50, 57, 63, 70, 77, 85, 92,100,107,115,123,131,139,147,154,162,169,177,184,191,197,204,210,216,221,226,231,235,239,243,246,249,251,252,254,254,255,254,254,252,251,249,246,243,239,235,231,226,221,216,210,204,197,191,184,177,169,162,154,147,139,131,123,115,107,100, 92, 85, 77, 70, 63, 57, 50, 44, 38, 33, 28, 23, 19, 15, 11,  8,  5,  3,  2,  0,  0,  0,  0,  0,  2,  3,  5,  8, 11, 15, 19, 23, 28, 33, 38, 44, 50, 57, 63, 70, 77, 85, 92,100,107,115,123,131,139,147,154,162,169,177,184,191,197,204,210,216,221,226,231,235,239,243,246,249,251,252,254,254,255
  0,  0,  1,  3,  5,  8, 12, 16, 21, 27, 33, 39, 46, 54, 62, 70, 79, 88, 97,106,115,125,134,143,153,162,171,180,188,196,204,211,218,224,230,235,240,244,248,250,252,254,254,254,254,252,250,248,244,240,235,230,224,218,211,204,196,188,180,171,162,153,143,134,125,115,106, 97, 88, 79, 70, 62, 54, 46, 39, 33, 27, 21, 16, 12,  8,  5,  3,  1,  0,  0,  0,  1,  3,  5,  8, 12, 16, 21, 27, 33, 39, 46, 54, 62, 70, 79, 88, 97,106,115,125,134,143,153,162,171,180,188,196,204,211,218,224,230,235,240,244,248,250,252,254,254,254,254,252,250,248,244,240,235,230,224,218,211,204,196,188,180,171,162,153,143,134,125,115,106, 97, 88, 79, 70, 62, 54, 46, 39, 33, 27, 21, 16, 12,  8,  5,  3,  1,  0,  0,  0,  1,  3,  5,  8, 12, 16, 21, 27, 33, 39, 46, 54, 62, 70, 79, 88, 97,106,115,125,134,143,153,162,171,180,188,196,204,211,218,224,230,235,240,244,248,250,252,254,254,254,254,252,250,248,244,240,235,230,224,218,211,204,196,188,180,171,162,153,143,134,125,115,106, 97, 88, 79, 70, 62, 54, 46, 39, 33, 27, 21, 16, 12,  8,  5,  3,  1,  0,  0
  0,  0,  1,  4,  7, 11, 16, 22, 29, 36, 44, 53, 62, 72, 82, 92,103,114,125,136,147,157,168,178,188,197,206,215,222,229,235,241,245,249,252,254,254,254,253,251,249,245,240,235,228,221,213,205,196,187,177,166,156,145,134,123,112,101, 91, 80, 70, 61, 51, 43, 35, 28, 21, 15, 11,  6,  3,  1,  0,  0,  0,  2,  4,  8, 12, 17, 23, 30, 37, 45, 54, 63, 73, 83, 94,104,115,126,137,148,159,169,180,189,199,208,216,223,230,236,241,246,249,252,254,254,254,253,251,248,244,239,234,227,220,212,204,195,185,175,165,154,143,132,122,111,100, 89, 79, 69, 59, 50, 42, 34, 27, 20, 15, 10,  6,  3,  1,  0,  0,  0,  2,  5,  8, 13, 18, 24, 31, 38, 46, 55, 65, 74, 85, 95,106,117,128,139,150,160,171,181,191,200,209,217,224,231,237,242,246,250,252,254,254,254,253,251,248,243,239,233,226,219,211,203,193,184,174,163,153,142,131,120,109, 98, 88, 77, 67, 58, 49, 41, 33, 26, 19, 14,  9,  5,  3,  1,  0,  0,  0,  2,  5,  9, 13, 19, 25, 32, 39, 48, 57, 66, 76, 86, 97,107,118,129,140,151,162,172,182,192,201,210,218,225,232,238,243,247,250,253,254,255
  0,  0,  2,  5,  9, 15, 21, 29, 37, 46, 57, 67, 79, 91,103,115,128,140,153,165,177,188,199,209,218,226,234,240,245,249,252,254,254,254,252,249,244,239,232,224,216,206,196,185,174,162,150,137,125,112,100, 88, 76, 65, 54, 44, 35, 27, 19, 13,  8,  4,  1,  0,  0,  0,  3,  6, 11, 16, 23, 31, 39, 49, 59, 70, 82, 94,106,118,131,143,156,168,180,191,201,211,220,228,235,241,246,250,253,254,254,253,251,248,243,237,230,222,213,204,193,182,171,159,147,134,122,109, 97, 85, 73, 62, 51, 42, 33, 25, 18, 12,  7,  3,  1,  0,  0,  1,  3,  7, 12, 18, 25, 33, 42, 51, 62, 73, 85, 97,109,122,134,147,159,171,182,193,204,213,222,230,237,243,248,251,253,254,254,253,250,246,241,235,228,220,211,201,191,180,168,156,143,131,118,106, 94, 82, 70, 59, 49, 39, 31, 23, 16, 11,  6,  3,  0,  0,  0,  1,  4,  8, 13, 19, 27, 35, 44, 54, 65, 76, 88,100,112,125,137,150,162,174,185,196,206,216,224,232,239,244,249,252,254,254,254,252,249,245,240,234,226,218,209,199,188,177,165,153,140,128,115,103, 91, 79, 67, 57, 46, 37, 29, 21, 15,  9,  5,  2,  0,  0
  0,  0,  3,  6, 12, 19, 27, 36, 46, 58, 70, 83, 97,111,125,139,153,166,180,192,204,215,224,233,240,246,250,253,254,254,252,249,244,238,230,221,211,200,188,175,162,148,134,120,106, 92, 79, 66, 54, 43, 33, 24, 16, 10,  5,  2,  0,  0,  1,  4,  8, 14, 21, 30, 39, 50, 62, 74, 88,101,115,129,143,157,171,184,196,208,218,227,235,242,248,251,254,255,254,251,248,242,235,227,218,208,196,184,171,157,143,129,115,101, 88, 74, 62, 50, 39, 30, 21, 14,  8,  4,  1,  0,  0,  2,  5, 10, 16, 24, 33, 43, 54, 66, 79, 92,106,120,134,148,162,175,188,200,211,221,230,238,244,249,252,254,254,253,250,246,240,233,224,215,204,192,180,166,153,139,125,111, 97, 83, 70, 58, 46, 36, 27, 19, 12,  6,  3,  0,  0,  0,  3,  6, 12, 19, 27, 36, 46, 58, 70, 83, 97,111,125,139,153,166,180,192,204,215,224,233,240,246,250,253,254,254,252,249,244,238,230,221,211,200,188,175,162,148,134,120,106, 92, 79, 66, 54, 43, 33, 24, 16, 10,  5,  2,  0,  0,  1,  4,  8, 14, 21, 30, 39, 50, 62, 74, 88,101,115,129,143,157,171,184,196,208,218,227,235,242,248,251,254,255
